category,image_auroc,pixel_auroc
bottle,0.8634920634920634,0.4100430199180572
cable,0.4625187406296851,0.759661549606647
capsule,0.2213801356202633,0.5423540867913481
carpet,0.8567415730337079,0.5984263719301182
grid,0.8621553884711779,0.7828218576996869
hazelnut,0.9839285714285715,0.29966014465578167
leather,0.9752038043478262,0.6137501621299724
metal_nut,0.3963831867057674,0.28948780756570835
pill,0.35979268957992366,0.31766141032722434
screw,0.3516089362574298,0.43299444825831773
tile,0.935064935064935,0.5361929759840219
toothbrush,0.5722222222222222,0.19524895290382024
transistor,0.45937500000000003,0.553221734857683
wood,0.9535087719298245,0.6766889817388415
zipper,0.7833508403361344,0.5713755980589101
mean,0.6691151239413021,0.5053059401617426
